Feature,PermutationImportance_dR2
VP,1.11471888312368
PHIE,0.553383435381706
RHOB,0.25880121070217
GR,0.00710885194204025
NPHI,0.000819500717765376
